{
  "prompt": "Briefly explain gravity:",
  "seqlen": 6,
  "first_above_0.01": "layer6",
  "first_above_0.05": "layer9",
  "norm_peak": 137.0,
  "manual_greedy": 1420,
  "engine_token": 59349,
  "prefill_logits": [],
  "decode_logits": [
    [
      0,
      [
        1,
        4096
      ],
      59349
    ]
  ],
  "layer_peaks": {
    "embed": 0.0,
    "layer0": 0.0078125,
    "layer1": 0.0078125,
    "layer2": 0.0078125,
    "layer3": 0.0078125,
    "layer4": 0.0078125,
    "layer5": 0.0078125,
    "layer6": 0.015625,
    "layer7": 0.015625,
    "layer8": 0.015625,
    "layer9": 0.0625,
    "layer10": 0.0625,
    "layer11": 0.125,
    "layer12": 0.171875,
    "layer13": 0.328125,
    "layer14": 0.4267578125,
    "layer15": 0.75,
    "layer16": 0.51953125,
    "layer17": 0.8232421875,
    "layer18": 0.96875,
    "layer19": 2.0,
    "layer20": 1.1875,
    "layer21": 1.5546875,
    "layer22": 3.0,
    "layer23": 3.0,
    "layer24": 3.0,
    "layer25": 3.265625,
    "layer26": 4.921875,
    "layer27": 4.224609375,
    "layer28": 5.21875,
    "layer29": 6.34375,
    "layer30": 16.375,
    "layer31": 31.0625,
    "norm": 137.0
  }
}
